<?xml version="1.0" encoding="UTF-8" ?>
<configuration>
    <contextName>logger_context_name</contextName>
    <!--设置存储路径变量-->

    <appender name="STDOUT"
              class="ch.qos.logback.core.ConsoleAppender">
        <encoder
                class="ch.qos.logback.classic.encoder.PatternLayoutEncoder">
            <pattern>%d{yyyy-MM-dd HH:mm:ss.SSS} [%thread] [%-5level] [%logger{100}:%L] - %msg%n</pattern>
        </encoder>
    </appender>

    <appender name="FILE"
              class="ch.qos.logback.core.rolling.RollingFileAppender">
        <file>./logs/console.log</file>
        <rollingPolicy
                class="ch.qos.logback.core.rolling.SizeAndTimeBasedRollingPolicy">
            <!-- 按天回滚 daily -->
            <fileNamePattern>./logs/%d{yyyy-MM-dd}/console.%i.log
            </fileNamePattern>
            <!-- 日志最大的历史 7天 -->
            <maxHistory>3</maxHistory>
            <maxFileSize>100MB</maxFileSize>
        </rollingPolicy>
        <encoder
                class="ch.qos.logback.classic.encoder.PatternLayoutEncoder">
            <pattern>%d{yyyy-MM-dd HH:mm:ss.SSS} [%thread] [%-5level] [%logger{100}:%L] - %msg%n</pattern>
        </encoder>
    </appender>
    <!-- 异步输出 -->
    <appender name="ASYNC_FILE" class="ch.qos.logback.classic.AsyncAppender">
        <!-- 不丢失日志.默认的,如果队列的80%已满,则会丢弃TRACT、DEBUG、INFO级别的日志 -->
        <discardingThreshold>0</discardingThreshold>
        <!-- 更改默认的队列的深度,该值会影响性能.默认值为256 -->
        <queueSize>512</queueSize>
        <!-- 添加附加的appender,最多只能添加一个 -->
        <appender-ref ref="FILE" />
    </appender>

    <root level="info" additivity="false">
        <appender-ref ref="STDOUT" />
        <appender-ref ref="ASYNC_FILE" />
    </root>

    <logger name="com.ibatis" level="DEBUG" />
    <logger name="com.ibatis.common.jdbc.SimpleDataSource" level="DEBUG" />
    <logger name="com.ibatis.common.jdbc.ScriptRunner" level="DEBUG" />
    <logger name="com.ibatis.sqlmap.engine.impl.SqlMapClientDelegate" level="DEBUG" />
    <logger name="java.sql.Connection" level="DEBUG" />
    <logger name="java.sql.Statement" level="DEBUG" />
    <logger name="java.sql.PreparedStatement" level="DEBUG" />
    <logger name="java.sql.ResultSet" level="DEBUG" />
    <logger name="cn.edu.tsinghua.randomwalker.dao" level="DEBUG" />
</configuration>