<assembly xmlns="http://maven.apache.org/ASSEMBLY/2.0.0"
          xmlns:xsi="http://www.w3.org/2001/XMLSchema-instance"
          xsi:schemaLocation="http://maven.apache.org/ASSEMBLY/2.0.0 http://maven.apache.org/xsd/assembly-2.0.0.xsd">
    <id>dist</id>
    <formats>
        <format>tar.gz</format>
    </formats>

    <dependencySets>
        <dependencySet>
            <useProjectArtifact>true</useProjectArtifact>
            <outputDirectory>./lib</outputDirectory>
            <unpack>false</unpack>
        </dependencySet>
    </dependencySets>
    <fileSets>
        <fileSet>
            <outputDirectory>./bin</outputDirectory>
            <directory>src/main/dist/bin_</directory>
            <filtered>true</filtered>
            <fileMode>0744</fileMode>
            <includes>
                <!-- 包含 directory 下全部文件 -->
                <include>*.*</include>
            </includes>
            <excludes>
                <!-- 不包含 .gitkeep 文件 -->
                <exclude>.gitkeep</exclude>
            </excludes>
        </fileSet>
        <!-- 将本模 src/main/dist/conf_ 的资源文件，复制到 .tar.gz 包中的 conf 目录 -->
        <fileSet>
            <outputDirectory>./conf</outputDirectory>
            <directory>src/main/dist/conf_</directory>
            <includes>
                <include>*.properties</include>
                <include>*.yam</include>
                <include>*.yaml</include>
                <include>*.xml</include>
            </includes>
            <excludes>
                <!-- 不包含 .gitkeep 文件 -->
                <exclude>.gitkeep</exclude>
            </excludes>
        </fileSet>

        <fileSet>
            <outputDirectory>./doc</outputDirectory>
            <directory>src/main/dist/doc_</directory>
            <includes>
                <!-- 包含 directory 下全部文件 -->
                <include>*.*</include>
            </includes>
            <excludes>
                <!-- 不包含 .gitkeep 文件 -->
                <exclude>.gitkeep</exclude>
            </excludes>
        </fileSet>
        <fileSet>
            <outputDirectory>.</outputDirectory>
            <directory>src/main/dist</directory>
            <includes>
                <!-- 包含 directory 下全部文件 -->
                <include>*.*</include>
            </includes>
            <excludes>
                <!-- 不包含 .gitkeep 文件 -->
                <exclude>.gitkeep</exclude>
                <exclude>bin_/**/**</exclude>
                <exclude>conf_/**/**</exclude>
                <exclude>doc_/**/**</exclude>
                <exclude>lib_/**/**</exclude>
            </excludes>
        </fileSet>
    </fileSets>
</assembly>