<?xml version="1.0" encoding="UTF-8" ?>
<!DOCTYPE mapper
        PUBLIC "-//mybatis.org//DTD Mapper 3.0//EN"
        "http://mybatis.org/dtd/mybatis-3-mapper.dtd">
<mapper namespace="cn.edu.tsinghua.randomwalker.dao.EmailDao">
    <resultMap type="cn.edu.tsinghua.randomwalker.entity.Email" id="emailMap" >
        <id property="id" column="id"/>
        <result property="title" column="title"/>
        <result property="content" column="content"/>
        <result property="sdate" column="sdate"/>
    </resultMap>

    <select id="selectTop5" resultType="cn.edu.tsinghua.randomwalker.entity.Email">
        select * from email limit 5 order by sdate desc
    </select>



</mapper>