<?xml version="1.0" encoding="UTF-8" ?>
<!DOCTYPE mapper
        PUBLIC "-//mybatis.org//DTD Mapper 3.0//EN"
        "http://mybatis.org/dtd/mybatis-3-mapper.dtd">
<mapper namespace="cn.edu.tsinghua.randomwalker.dao.OrgEnterpriseDao">
    <resultMap type="cn.edu.tsinghua.randomwalker.entity.OrgEnterprise" id="OrgEnterpriseMap" >
        <id property="id" column="id"/>
        <result property="entid" column="entid"/>
        <result property="riskpro" column="riskpro"/>
        <result property="industy" column="industy"/>
        <result property="ragion" column="ragion"/>
    </resultMap>

    <select id="selectByIndusty" resultType="cn.edu.tsinghua.randomwalker.entity.OrgEnterprise">
       SELECT industy ,avg(riskpro) as riskpro FROM rww.org_enterprise group by industy
    </select>

    <select id="selectByRagion" resultType="cn.edu.tsinghua.randomwalker.entity.OrgEnterprise">
       SELECT ragion ,avg(riskpro) as riskpro FROM rww.org_enterprise group by ragion
    </select>



</mapper>