<?xml version="1.0" encoding="UTF-8" ?>
<!DOCTYPE mapper
        PUBLIC "-//mybatis.org//DTD Mapper 3.0//EN"
        "http://mybatis.org/dtd/mybatis-3-mapper.dtd">
<mapper namespace="cn.edu.tsinghua.randomwalker.dao.OrgRepairItemDao">
    <resultMap type="cn.edu.tsinghua.randomwalker.entity.OrgRepairItem" id="orgRepairItemMap" >
        <id property="id" column="id"/>
        <result property="title" column="title"/>
        <result property="content" column="content"/>
        <result property="entid" column="entid"/>
        <result property="stakeholder" column="stakeholder"/>
        <result property="costtime" column="costtime"/>
    </resultMap>

    <select id="getOrgRepairItemTop5" resultType="cn.edu.tsinghua.randomwalker.entity.OrgRepairItem">
        select * from org_repair_item  order by costtime desc  limit #{top}
    </select>



</mapper>