<?xml version="1.0" encoding="UTF-8" ?>
<!DOCTYPE mapper
        PUBLIC "-//mybatis.org//DTD Mapper 3.0//EN"
        "http://mybatis.org/dtd/mybatis-3-mapper.dtd">
<mapper namespace="cn.edu.tsinghua.randomwalker.dao.OrgUrgentDao">
    <resultMap type="cn.edu.tsinghua.randomwalker.entity.OrgUrgent" id="orgUrgentMap" >
        <id property="id" column="id"/>
        <result property="title" column="title"/>
        <result property="desc" column="desc"/>
        <result property="entid" column="entid"/>
        <result property="createdate" column="createdate"/>
    </resultMap>

    <select id="getOrgUrgentTop5" resultType="cn.edu.tsinghua.randomwalker.entity.OrgUrgent">
        select * from org_urgent  order by createdate desc  limit #{top}
    </select>



</mapper>