<?xml version="1.0" encoding="UTF-8" ?>
<!DOCTYPE mapper
        PUBLIC "-//mybatis.org//DTD Mapper 3.0//EN"
        "http://mybatis.org/dtd/mybatis-3-mapper.dtd">
<mapper namespace="cn.edu.tsinghua.randomwalker.dao.UserDao">
    <resultMap type="cn.edu.tsinghua.randomwalker.entity.User" id="userMap" >
        <id property="userId" column="user_id"/>
        <result property="username" column="username"/>
        <result property="password" column="password"/>
        <result property="email" column="email"/>
        <result property="userType" column="user_type"/>
        <result property="entId" column="entId"/>

    </resultMap>

    <select id="selectUser" resultType="cn.edu.tsinghua.randomwalker.entity.User">
      select * from users where username=#{username} and password=#{password}
    </select>

    <select id="selectUserByUsername" parameterType="String"  resultMap="userMap">
      select * from users where username=#{username}
    </select>

    <insert id="addUser">
        insert into users(email,username,password,user_type) values (#{email},#{username},#{password},0,"228182297")
    </insert>

</mapper>